
-- ============================================================
-- Contoso Fabric SQL Database — Full Population Script
-- Generated by fabric/scripts/02_populate_sql_db.py
-- NOTE: No PRIMARY KEY constraints (not supported in Fabric SQL DB)
-- ============================================================

-- Division-level summary
DROP TABLE IF EXISTS dbo.division_summary;
CREATE TABLE dbo.division_summary (
    division VARCHAR(100) NOT NULL,
    total_budget FLOAT,
    total_actual_cost FLOAT,
    avg_cpi FLOAT,
    avg_spi FLOAT,
    project_count INT,
    red_projects INT,
    fleet_count INT,
    fleet_operational_pct FLOAT,
    incident_count INT,
    exceedance_count INT,
    last_updated DATETIME2(6)
);

-- Monthly KPIs by division
DROP TABLE IF EXISTS dbo.monthly_kpis;
CREATE TABLE dbo.monthly_kpis (
    month DATE NOT NULL,
    division VARCHAR(100) NOT NULL,
    budget_aud FLOAT,
    actual_cost_aud FLOAT,
    incidents INT,
    near_misses INT,
    lost_time_days FLOAT,
    inspections_passed INT,
    inspections_failed INT,
    exceedances INT
);

-- Manufacturing KPIs (UNIQUE TO SQL DB — not in mirrored catalog)
DROP TABLE IF EXISTS dbo.manufacturing_kpis;
CREATE TABLE dbo.manufacturing_kpis (
    month DATE NOT NULL,
    division VARCHAR(100) NOT NULL,
    throughput_tonnes FLOAT,
    utilisation_pct FLOAT,
    unplanned_downtime_hrs FLOAT,
    energy_cost_aud FLOAT,
    waste_pct FLOAT
);

-- Supplier scorecard (UNIQUE TO SQL DB — shows multi-source value)
DROP TABLE IF EXISTS dbo.supplier_scorecard;
CREATE TABLE dbo.supplier_scorecard (
    supplier_name VARCHAR(200) NOT NULL,
    division VARCHAR(100) NOT NULL,
    category VARCHAR(100),
    total_spend_aud FLOAT,
    on_time_delivery_pct FLOAT,
    quality_score FLOAT,
    contract_status VARCHAR(50),
    last_review_date DATE
);

-- ============================================================
-- DATA POPULATION
-- ============================================================

INSERT INTO dbo.division_summary (division, total_budget, total_actual_cost, avg_cpi, avg_spi, project_count, red_projects, fleet_count, fleet_operational_pct, incident_count, exceedance_count) VALUES
('Division-Alpha', 24317811217, 25597696018, 0.95, 0.92, 15, 2, 45, 0.88, 420, 96),
('Division-Beta', 12402274428, 12159092577, 1.02, 0.98, 12, 1, 60, 0.91, 336, 144),
('Division-Gamma', 5447884254, 5559065565, 0.98, 1.01, 10, 1, 25, 0.85, 216, 180),
('Division-Delta', 16231900071, 15458952449, 1.05, 1.03, 5, 1, 10, 0.95, 96, 36);

INSERT INTO dbo.monthly_kpis (month, division, budget_aud, actual_cost_aud, incidents, near_misses, lost_time_days, inspections_passed, inspections_failed, exceedances) VALUES
('2025-01-01', 'Division-Alpha', 1782221896, 1919007764, 25, 6, 26.7, 75, 5, 5),
('2025-01-01', 'Division-Beta', 1010631280, 1028929964, 27, 6, 19.3, 42, 6, 12),
('2025-01-01', 'Division-Gamma', 291227055, 300957784, 19, 4, 21.5, 39, 5, 16),
('2025-01-01', 'Division-Delta', 1243621253, 1138748655, 8, 2, 13.0, 52, 9, 2),
('2025-02-01', 'Division-Alpha', 2822221526, 2979776847, 24, 6, 23.7, 35, 6, 6),
('2025-02-01', 'Division-Beta', 1214400039, 1243789553, 22, 5, 28.4, 70, 8, 8),
('2025-02-01', 'Division-Gamma', 359162464, 360558271, 18, 4, 15.2, 45, 9, 18),
('2025-02-01', 'Division-Delta', 750757221, 699167849, 7, 1, 9.2, 70, 6, 2),
('2025-03-01', 'Division-Alpha', 2476832145, 2616652123, 30, 7, 23.3, 60, 9, 11),
('2025-03-01', 'Division-Beta', 1432826239, 1390830424, 22, 5, 23.5, 56, 8, 15),
('2025-03-01', 'Division-Gamma', 483360988, 495306673, 22, 5, 12.9, 70, 7, 21),
('2025-03-01', 'Division-Delta', 1197422633, 1091132656, 10, 2, 11.1, 67, 9, 3),
('2025-04-01', 'Division-Alpha', 2183680826, 2413186702, 40, 10, 24.4, 48, 5, 5),
('2025-04-01', 'Division-Beta', 959402394, 981201149, 19, 4, 34.5, 48, 8, 7),
('2025-04-01', 'Division-Gamma', 363214768, 355516781, 15, 3, 13.7, 35, 5, 9),
('2025-04-01', 'Division-Delta', 1229936926, 1125904630, 9, 2, 13.8, 45, 4, 4),
('2025-05-01', 'Division-Alpha', 2593681994, 2635878016, 44, 11, 79.1, 49, 2, 4),
('2025-05-01', 'Division-Beta', 1338812586, 1354115293, 27, 6, 25.9, 47, 7, 13),
('2025-05-01', 'Division-Gamma', 331967379, 351514106, 15, 3, 20.6, 47, 9, 16),
('2025-05-01', 'Division-Delta', 1306130269, 1293629325, 6, 1, 3.4, 56, 11, 4),
('2025-06-01', 'Division-Alpha', 2722824224, 2807562871, 29, 7, 32.8, 60, 4, 11),
('2025-06-01', 'Division-Beta', 1046705406, 1067350215, 36, 9, 27.2, 39, 6, 13),
('2025-06-01', 'Division-Gamma', 400005229, 419127493, 19, 4, 34.8, 66, 10, 17),
('2025-06-01', 'Division-Delta', 1247007269, 1219697357, 6, 1, 6.8, 48, 3, 3),
('2025-07-01', 'Division-Alpha', 2431027687, 2545135933, 25, 6, 44.8, 60, 8, 5),
('2025-07-01', 'Division-Beta', 813223543, 812741175, 28, 7, 16.7, 58, 8, 11),
('2025-07-01', 'Division-Gamma', 384544823, 384490384, 15, 3, 27.6, 60, 6, 18),
('2025-07-01', 'Division-Delta', 1258345890, 1185105031, 7, 1, 11.9, 47, 3, 4),
('2025-08-01', 'Division-Alpha', 2568853268, 2826064195, 33, 8, 57.8, 59, 11, 8),
('2025-08-01', 'Division-Beta', 1145697166, 1130417787, 23, 5, 35.6, 54, 9, 13),
('2025-08-01', 'Division-Gamma', 382256052, 398443999, 13, 3, 20.0, 70, 10, 17),
('2025-08-01', 'Division-Delta', 1467843153, 1333789809, 8, 2, 11.9, 40, 4, 2),
('2025-09-01', 'Division-Alpha', 3322032104, 3577662899, 33, 8, 58.7, 39, 6, 7),
('2025-09-01', 'Division-Beta', 1210145173, 1193035978, 31, 7, 24.4, 51, 4, 11),
('2025-09-01', 'Division-Gamma', 429993734, 437595869, 20, 5, 22.8, 66, 9, 18),
('2025-09-01', 'Division-Delta', 808542175, 772801836, 10, 2, 7.8, 50, 3, 2),
('2025-10-01', 'Division-Alpha', 2256268216, 2435057801, 23, 5, 11.9, 52, 6, 7),
('2025-10-01', 'Division-Beta', 807799397, 831076542, 19, 4, 31.3, 72, 6, 13),
('2025-10-01', 'Division-Gamma', 341043024, 357146418, 17, 4, 15.2, 39, 6, 10),
('2025-10-01', 'Division-Delta', 798994434, 740513843, 8, 2, 12.4, 59, 10, 2),
('2025-11-01', 'Division-Alpha', 2309126060, 2415869288, 34, 8, 32.5, 63, 2, 8),
('2025-11-01', 'Division-Beta', 1105035562, 1102032637, 24, 6, 13.4, 46, 5, 13),
('2025-11-01', 'Division-Gamma', 381403865, 382563787, 20, 5, 18.6, 62, 3, 15),
('2025-11-01', 'Division-Delta', 1238992212, 1181714930, 10, 2, 14.9, 67, 7, 1),
('2025-12-01', 'Division-Alpha', 2519993999, 2523621322, 36, 9, 30.1, 42, 5, 4),
('2025-12-01', 'Division-Beta', 1416757958, 1441665987, 37, 9, 33.8, 59, 7, 15),
('2025-12-01', 'Division-Gamma', 425443591, 445538102, 18, 4, 34.2, 50, 2, 11),
('2025-12-01', 'Division-Delta', 1353334216, 1342176319, 8, 2, 15.9, 44, 5, 1);

INSERT INTO dbo.manufacturing_kpis (month, division, throughput_tonnes, utilisation_pct, unplanned_downtime_hrs, energy_cost_aud, waste_pct) VALUES
('2025-01-01', 'Division-Alpha', 210096, 0.83, 61.2, 406289, 0.046),
('2025-01-01', 'Division-Beta', 675488, 0.87, 40.5, 560916, 0.059),
('2025-01-01', 'Division-Gamma', 312773, 0.79, 82.7, 260121, 0.062),
('2025-01-01', 'Division-Delta', 43259, 0.95, 16.6, 108044, 0.043),
('2025-02-01', 'Division-Alpha', 221566, 0.84, 51.2, 444833, 0.022),
('2025-02-01', 'Division-Beta', 672472, 0.88, 44.2, 687838, 0.065),
('2025-02-01', 'Division-Gamma', 363140, 0.76, 65.7, 316337, 0.047),
('2025-02-01', 'Division-Delta', 47785, 0.96, 2.8, 116939, 0.038),
('2025-03-01', 'Division-Alpha', 243742, 0.79, 49.3, 455934, 0.068),
('2025-03-01', 'Division-Beta', 747197, 0.83, 59.1, 696281, 0.034),
('2025-03-01', 'Division-Gamma', 433026, 0.76, 50.4, 304255, 0.035),
('2025-03-01', 'Division-Delta', 45094, 0.95, 19.0, 124263, 0.029),
('2025-04-01', 'Division-Alpha', 266853, 0.81, 49.3, 499505, 0.045),
('2025-04-01', 'Division-Beta', 820817, 0.90, 12.0, 717464, 0.049),
('2025-04-01', 'Division-Gamma', 409295, 0.80, 51.3, 379655, 0.038),
('2025-04-01', 'Division-Delta', 59162, 0.93, 9.6, 131309, 0.061),
('2025-05-01', 'Division-Alpha', 220276, 0.78, 56.9, 377753, 0.074),
('2025-05-01', 'Division-Beta', 643264, 0.90, 27.3, 554329, 0.058),
('2025-05-01', 'Division-Gamma', 344124, 0.80, 59.2, 277358, 0.070),
('2025-05-01', 'Division-Delta', 43077, 0.96, 11.8, 96948, 0.046),
('2025-06-01', 'Division-Alpha', 233660, 0.84, 13.1, 397035, 0.065),
('2025-06-01', 'Division-Beta', 688254, 0.84, 38.7, 684593, 0.052),
('2025-06-01', 'Division-Gamma', 398433, 0.82, 25.7, 313518, 0.049),
('2025-06-01', 'Division-Delta', 48820, 0.94, 9.7, 101903, 0.078),
('2025-07-01', 'Division-Alpha', 232038, 0.86, 49.8, 470180, 0.079),
('2025-07-01', 'Division-Beta', 874763, 0.90, 18.4, 719533, 0.021),
('2025-07-01', 'Division-Gamma', 402926, 0.79, 61.0, 331030, 0.055),
('2025-07-01', 'Division-Delta', 53224, 0.96, 3.5, 113612, 0.022),
('2025-08-01', 'Division-Alpha', 290749, 0.83, 64.8, 458917, 0.024),
('2025-08-01', 'Division-Beta', 919962, 0.91, 14.7, 720930, 0.028),
('2025-08-01', 'Division-Gamma', 470557, 0.77, 50.1, 317758, 0.073),
('2025-08-01', 'Division-Delta', 50065, 0.92, 24.0, 135902, 0.077),
('2025-09-01', 'Division-Alpha', 206603, 0.84, 16.7, 371565, 0.026),
('2025-09-01', 'Division-Beta', 670568, 0.86, 52.9, 517818, 0.042),
('2025-09-01', 'Division-Gamma', 332195, 0.83, 60.9, 247261, 0.061),
('2025-09-01', 'Division-Delta', 42374, 0.96, 6.3, 98746, 0.031),
('2025-10-01', 'Division-Alpha', 212619, 0.85, 31.7, 427477, 0.059),
('2025-10-01', 'Division-Beta', 750300, 0.83, 55.8, 593515, 0.028),
('2025-10-01', 'Division-Gamma', 372753, 0.76, 77.6, 277157, 0.033),
('2025-10-01', 'Division-Delta', 49401, 0.90, 9.7, 119244, 0.020),
('2025-11-01', 'Division-Alpha', 267920, 0.79, 20.0, 427559, 0.030),
('2025-11-01', 'Division-Beta', 825769, 0.83, 9.5, 719438, 0.034),
('2025-11-01', 'Division-Gamma', 385902, 0.76, 16.1, 335470, 0.052),
('2025-11-01', 'Division-Delta', 52457, 0.92, 26.5, 120318, 0.027),
('2025-12-01', 'Division-Alpha', 270207, 0.86, 9.4, 513530, 0.072),
('2025-12-01', 'Division-Beta', 867707, 0.87, 51.8, 669894, 0.049),
('2025-12-01', 'Division-Gamma', 423500, 0.80, 43.3, 373919, 0.024),
('2025-12-01', 'Division-Delta', 49473, 0.93, 5.1, 123768, 0.058);

INSERT INTO dbo.supplier_scorecard (supplier_name, division, category, total_spend_aud, on_time_delivery_pct, quality_score, contract_status, last_review_date) VALUES
('Boral Construction Materials', 'Division-Alpha', 'Concrete & Aggregates', 27643643, 0.83, 5.0, 'Expiring Soon', '2025-05-15'),
('Holcim Australia', 'Division-Alpha', 'Cement', 25524778, 0.85, 4.6, 'Active', '2025-11-21'),
('Liberty Steel', 'Division-Alpha', 'Structural Steel', 43946458, 0.88, 4.7, 'Under Review', '2025-08-08'),
('Coates Hire', 'Division-Alpha', 'Equipment Rental', 20983772, 0.95, 3.8, 'Active', '2025-06-14'),
('Orica Mining Services', 'Division-Beta', 'Explosives & Blasting', 15969917, 0.81, 4.9, 'Under Review', '2025-02-03'),
('Sandvik Mining', 'Division-Beta', 'Mining Equipment', 41672708, 0.77, 3.2, 'Active', '2025-03-18'),
('Caterpillar Australia', 'Division-Beta', 'Heavy Equipment', 3469058, 0.98, 4.1, 'Active', '2025-07-12'),
('Komatsu', 'Division-Beta', 'Haul Trucks', 43743565, 0.98, 3.8, 'Active', '2025-05-20'),
('Weir Minerals', 'Division-Beta', 'Wear Parts', 15966221, 0.77, 4.0, 'Active', '2025-11-16'),
('FLSmidth', 'Division-Gamma', 'Processing Equipment', 11600121, 0.78, 4.7, 'Active', '2025-02-25'),
('Metso Outotec', 'Division-Gamma', 'Crushers & Screens', 14289127, 0.80, 3.9, 'Expiring Soon', '2025-10-20'),
('Nalco Water', 'Division-Gamma', 'Water Treatment', 33911347, 0.88, 4.2, 'Active', '2025-01-06'),
('Atlas Copco', 'Division-Gamma', 'Compressors', 14026884, 0.93, 4.8, 'Active', '2025-01-06'),
('Siemens Energy', 'Division-Gamma', 'Electrical Systems', 43558204, 0.89, 3.8, 'Active', '2025-12-21'),
('Transurban Materials', 'Division-Delta', 'Toll Systems', 48604611, 0.77, 4.1, 'Under Review', '2025-07-15'),
('AECOM Consulting', 'Division-Delta', 'Engineering Services', 17374351, 0.84, 4.4, 'Expiring Soon', '2025-10-03'),
('John Holland Supply', 'Division-Alpha', 'Subcontracting', 44225438, 0.79, 4.5, 'Active', '2025-11-03'),
('Downer EDI', 'Division-Beta', 'Site Services', 13969091, 0.91, 4.0, 'Under Review', '2025-07-09'),
('Monadelphous', 'Division-Gamma', 'Mechanical Services', 11170664, 0.87, 3.7, 'Active', '2025-05-22'),
('Lendlease Engineering', 'Division-Delta', 'Joint Venture', 34085070, 0.87, 4.3, 'Active', '2025-04-13');
